{
  "files": [
    {
      "filepath": "C:/Users/Admin/Desktop/Projects/text-editor/libs/editor/src/lib/editor/core/state.bench.ts",
      "groups": [
        {
          "fullName": "src/lib/editor/core/state.bench.ts > EditorState construction",
          "benchmarks": [
            {
              "id": "1140789213_0_0",
              "name": "build 100 paragraphs x 80 chars",
              "rank": 1,
              "rme": 1.245233195799815,
              "samples": [],
              "totalTime": 500.06370000000345,
              "min": 0.46089999999992415,
              "max": 1.5978999999999814,
              "hz": 1933.753639786278,
              "period": 0.5171289555325785,
              "mean": 0.5171289555325785,
              "variance": 0.010437906986795701,
              "sd": 0.10216607551822524,
              "sem": 0.0032854394996859855,
              "df": 966,
              "critical": 1.96,
              "moe": 0.006439461419384532,
              "p75": 0.5063999999999851,
              "p99": 1.0386999999999489,
              "p995": 1.2269999999999754,
              "p999": 1.5978999999999814,
              "sampleCount": 967,
              "median": 0.4918999999999869
            },
            {
              "id": "1140789213_0_1",
              "name": "build 1000 paragraphs x 80 chars",
              "rank": 2,
              "rme": 3.817760283393796,
              "samples": [],
              "totalTime": 522.6546000000001,
              "min": 48.87560000000008,
              "max": 57.82950000000005,
              "hz": 19.13309478190759,
              "period": 52.265460000000004,
              "mean": 52.265460000000004,
              "variance": 7.781470300444543,
              "sd": 2.7895286878690713,
              "sem": 0.8821264252047175,
              "df": 9,
              "critical": 2.262,
              "moe": 1.995369973813071,
              "p75": 53.243600000000015,
              "p99": 57.82950000000005,
              "p995": 57.82950000000005,
              "p999": 57.82950000000005,
              "sampleCount": 10,
              "median": 51.47675000000004
            }
          ]
        },
        {
          "fullName": "src/lib/editor/core/state.bench.ts > EditorState edit ops on large doc",
          "benchmarks": [
            {
              "id": "1140789213_1_0",
              "name": "insertText tail on 100-paragraph doc",
              "rank": 1,
              "rme": 0.8476947456191375,
              "samples": [],
              "totalTime": 500.0038000000902,
              "min": 0.0036000000000058208,
              "max": 0.958299999999781,
              "hz": 240786.17002506435,
              "period": 0.00415306244497309,
              "mean": 0.00415306244497309,
              "variance": 0.00003884262802551098,
              "sd": 0.0062323854201670635,
              "sem": 0.000017961883738938047,
              "df": 120393,
              "critical": 1.96,
              "moe": 0.00003520529212831857,
              "p75": 0.004099999999652937,
              "p99": 0.006899999999859574,
              "p995": 0.00959999999986394,
              "p999": 0.023099999999885767,
              "sampleCount": 120394,
              "median": 0.0039000000001578883
            },
            {
              "id": "1140789213_1_1",
              "name": "insertText tail on 1000-paragraph doc",
              "rank": 3,
              "rme": 0.9254461456432503,
              "samples": [],
              "totalTime": 500.00080000000753,
              "min": 0.04559999999992215,
              "max": 0.5477999999998246,
              "hz": 16201.974076841232,
              "period": 0.061720873966177946,
              "mean": 0.061720873966177946,
              "variance": 0.0006880071086681017,
              "sd": 0.026229889604573287,
              "sem": 0.0002914252291721031,
              "df": 8100,
              "critical": 1.96,
              "moe": 0.0005711934491773221,
              "p75": 0.06029999999964275,
              "p99": 0.1285000000002583,
              "p995": 0.18460000000004584,
              "p999": 0.3748000000000502,
              "sampleCount": 8101,
              "median": 0.05070000000023356
            },
            {
              "id": "1140789213_1_2",
              "name": "applyFormat BOLD across full 100-paragraph doc",
              "rank": 2,
              "rme": 1.2505192599065442,
              "samples": [],
              "totalTime": 500.0097000000119,
              "min": 0.026299999999991996,
              "max": 2.0187999999998283,
              "hz": 19307.62543206616,
              "period": 0.05179300807955375,
              "mean": 0.05179300807955375,
              "variance": 0.0010541882998076843,
              "sd": 0.03246826604251733,
              "sem": 0.0003304497659794756,
              "df": 9653,
              "critical": 1.96,
              "moe": 0.0006476815413197722,
              "p75": 0.055099999999583815,
              "p99": 0.09739999999965221,
              "p995": 0.11229999999977736,
              "p999": 0.3910000000000764,
              "sampleCount": 9654,
              "median": 0.05250000000023647
            }
          ]
        },
        {
          "fullName": "src/lib/editor/core/state.bench.ts > EditorState COW-sensitive scenarios",
          "benchmarks": [
            {
              "id": "1140789213_2_0",
              "name": "single-char mid-doc insert (1000 paragraphs)",
              "rank": 1,
              "rme": 0.6205121083468126,
              "samples": [],
              "totalTime": 500.00029999961225,
              "min": 0.00009999999929277692,
              "max": 0.7242999999998574,
              "hz": 2731152.3613107014,
              "period": 0.0003661458123559581,
              "mean": 0.0003661458123559581,
              "variance": 0.000001834901326603034,
              "sd": 0.0013545852969093655,
              "sem": 0.000001159173010139551,
              "df": 1365576,
              "critical": 1.96,
              "moe": 0.0000022719790998735198,
              "p75": 0.0003999999998995918,
              "p99": 0.0007999999997991836,
              "p995": 0.0018000000000029104,
              "p999": 0.009099999999762076,
              "sampleCount": 1365577,
              "median": 0.0003000000001520675
            },
            {
              "id": "1140789213_2_1",
              "name": "repeated BOLD toggle on one mid-doc paragraph (1000 paragraphs)",
              "rank": 2,
              "rme": 1.1056266445388025,
              "samples": [],
              "totalTime": 500.04499999998734,
              "min": 0.10499999999956344,
              "max": 1.3144000000002052,
              "hz": 4961.553460188708,
              "period": 0.2015497783151904,
              "mean": 0.2015497783151904,
              "variance": 0.0032069800896682384,
              "sd": 0.056630204746833106,
              "sem": 0.001136932679113079,
              "df": 2480,
              "critical": 1.96,
              "moe": 0.0022283880510616345,
              "p75": 0.20520000000033178,
              "p99": 0.3823000000002139,
              "p995": 0.6225000000004002,
              "p999": 0.8217999999997119,
              "sampleCount": 2481,
              "median": 0.19990000000052532
            },
            {
              "id": "1140789213_2_2",
              "name": "typing burst: 50 tail appends on 500-paragraph doc",
              "rank": 3,
              "rme": 5.254575457190434,
              "samples": [],
              "totalTime": 513.7792999999974,
              "min": 17.641899999999623,
              "max": 30.15819999999985,
              "hz": 40.87358132178565,
              "period": 24.46568095238083,
              "mean": 24.46568095238083,
              "variance": 7.975915945619045,
              "sd": 2.824166416063162,
              "sem": 0.6162836369886471,